Unnamed: 0,date,year,month,quarter,season,covid_period,ridership,gas_price_regular,unemployment_rate,avg_temp,total_precip_mm,total_snow_cm,avg_max_temp,avg_min_temp,climate_data_flag,days_in_month,missing_temp_days,missing_precip_days,missing_snow_days,temp_completeness,precip_completeness,snow_completeness,ridership_lag1,ridership_lag12,gas_price_lag1,unemployment_rate_lag1,avg_temp_lag1,total_precip_mm_lag1,total_snow_cm_lag1
49,2011-02-01,2011,2,1,Winter,Pre-COVID,1595000,114.8,8.5,-5.014285714285714,55.0,44.6,-0.8214285714285714,-9.178571428571429,False,28,0,0,0,1.0,1.0,1.0,1540000.0,1538000.0,113.6,8.4,-6.65483870967742,42.0,43.4
50,2011-03-01,2011,3,1,Spring,Pre-COVID,1568000,121.0,8.8,-0.5193548387096775,127.6,24.4,3.774193548387097,-4.806451612903226,False,31,0,0,0,1.0,1.0,1.0,1595000.0,1489000.0,114.8,8.5,-5.014285714285714,55.0,44.6
51,2011-04-01,2011,4,2,Spring,Pre-COVID,1539000,131.0,9.0,6.983333333333333,96.0,4.2,12.35,1.566666666666667,False,30,0,0,0,1.0,1.0,1.0,1568000.0,1500000.0,121.0,8.8,-0.5193548387096775,127.6,24.4
52,2011-05-01,2011,5,2,Spring,Pre-COVID,1602000,133.5,9.1,14.29032258064516,134.6,0.0,19.12903225806452,9.419354838709678,False,31,0,0,0,1.0,1.0,1.0,1539000.0,1530000.0,131.0,9.0,6.983333333333333,96.0,4.2
53,2011-06-01,2011,6,2,Summer,Pre-COVID,1579000,129.5,8.9,19.10333333333333,78.0,0.0,24.36666666666667,13.78333333333333,False,30,0,0,0,1.0,1.0,1.0,1602000.0,1492000.0,133.5,9.1,14.29032258064516,134.6,0.0
54,2011-07-01,2011,7,3,Summer,Pre-COVID,1528000,129.6,8.7,23.68709677419355,44.2,0.0,29.88709677419355,17.43548387096774,False,31,0,0,0,1.0,1.0,1.0,1579000.0,1473000.0,129.5,8.9,19.10333333333333,78.0,0.0
55,2011-08-01,2011,8,3,Summer,Pre-COVID,1449000,127.4,8.5,21.4741935483871,114.0,0.0,26.75806451612903,16.12903225806452,False,31,0,0,0,1.0,1.0,1.0,1528000.0,1412000.0,129.6,8.7,23.68709677419355,44.2,0.0
56,2011-09-01,2011,9,3,Fall,Pre-COVID,1689000,125.3,8.4,17.53666666666667,108.4,0.0,22.25,12.76666666666667,False,30,0,0,0,1.0,1.0,1.0,1449000.0,1615000.0,127.4,8.5,21.4741935483871,114.0,0.0
57,2011-10-01,2011,10,4,Fall,Pre-COVID,1678000,124.2,8.5,10.54838709677419,103.5,0.0,15.09677419354839,5.951612903225806,False,31,0,0,0,1.0,1.0,1.0,1689000.0,1622000.0,125.3,8.4,17.53666666666667,108.4,0.0
58,2011-11-01,2011,11,4,Fall,Pre-COVID,1639000,121.0,8.6,6.776666666666667,90.8,1.4,10.86666666666667,2.633333333333333,False,30,0,0,0,1.0,1.0,1.0,1678000.0,1541000.0,124.2,8.5,10.54838709677419,103.5,0.0
59,2011-12-01,2011,12,4,Winter,Pre-COVID,1583000,118.1,8.6,0.3806451612903225,56.6,12.6,3.967741935483871,-3.209677419354839,False,31,0,0,0,1.0,1.0,1.0,1639000.0,1457000.0,121.0,8.6,6.776666666666667,90.8,1.4
60,2012-01-01,2012,1,1,Winter,Pre-COVID,1599000,122.1,8.7,-1.912903225806452,53.9,24.0,1.758064516129032,-5.564516129032258,False,31,0,0,0,1.0,1.0,1.0,1583000.0,1540000.0,118.1,8.6,0.3806451612903225,56.6,12.6
61,2012-02-01,2012,2,1,Winter,Pre-COVID,1643000,126.3,8.8,-0.6862068965517241,37.1,30.0,2.793103448275862,-4.155172413793103,False,29,0,0,0,1.0,1.0,1.0,1599000.0,1595000.0,122.1,8.7,-1.912903225806452,53.9,24.0
62,2012-03-01,2012,3,1,Spring,Pre-COVID,1613000,131.1,8.9,7.016129032258065,18.0,2.8,12.87096774193548,1.145161290322581,False,31,0,0,0,1.0,1.0,1.0,1643000.0,1568000.0,126.3,8.8,-0.6862068965517241,37.1,30.0
63,2012-04-01,2012,4,2,Spring,Pre-COVID,1614000,135.6,8.9,6.966666666666667,43.5,1.2,12.6,1.283333333333333,False,30,0,0,0,1.0,1.0,1.0,1613000.0,1539000.0,131.1,8.9,7.016129032258065,18.0,2.8
64,2012-05-01,2012,5,2,Spring,Pre-COVID,1609000,128.9,9.1,16.51612903225806,40.0,0.0,22.83870967741936,10.14516129032258,False,31,0,0,0,1.0,1.0,1.0,1614000.0,1602000.0,135.6,8.9,6.966666666666667,43.5,1.2
65,2012-06-01,2012,6,2,Summer,Pre-COVID,1627000,123.1,9.1,20.45333333333333,77.0,0.0,26.3,14.55,False,30,0,0,0,1.0,1.0,1.0,1609000.0,1579000.0,128.9,9.1,16.51612903225806,40.0,0.0
66,2012-07-01,2012,7,3,Summer,Pre-COVID,1528000,125.6,9.0,24.1483870967742,124.8,0.0,30.16129032258064,18.09677419354839,False,31,0,0,0,1.0,1.0,1.0,1627000.0,1528000.0,123.1,9.1,20.45333333333333,77.0,0.0
67,2012-08-01,2012,8,3,Summer,Pre-COVID,1515000,128.6,9.0,21.35806451612904,59.8,0.0,27.03225806451613,15.62903225806452,False,31,0,0,0,1.0,1.0,1.0,1528000.0,1449000.0,125.6,9.0,24.1483870967742,124.8,0.0
68,2012-09-01,2012,9,3,Fall,Pre-COVID,1727000,130.5,8.9,16.18333333333333,146.6,0.0,21.63333333333333,10.7,False,30,0,5,5,1.0,0.8333333333333334,0.8333333333333334,1515000.0,1689000.0,128.6,9.0,21.35806451612904,59.8,0.0
69,2012-10-01,2012,10,4,Fall,Pre-COVID,1712000,126.3,8.8,10.6516129032258,118.6,0.0,14.75806451612903,6.483870967741935,False,31,0,0,0,1.0,1.0,1.0,1727000.0,1678000.0,130.5,8.9,16.18333333333333,146.6,0.0
70,2012-11-01,2012,11,4,Fall,Pre-COVID,1716000,122.2,8.6,3.41,11.0,0.0,7.083333333333333,-0.3,False,30,0,0,0,1.0,1.0,1.0,1712000.0,1639000.0,126.3,8.8,10.6516129032258,118.6,0.0
71,2012-12-01,2012,12,4,Winter,Pre-COVID,1655000,120.5,8.6,0.7354838709677419,75.0,22.4,4.161290322580645,-2.709677419354839,False,31,0,0,0,1.0,1.0,1.0,1716000.0,1583000.0,122.2,8.6,3.41,11.0,0.0
72,2013-01-01,2013,1,1,Winter,Pre-COVID,1606000,122.5,8.5,-2.819354838709677,67.4,19.0,0.8548387096774194,-6.467741935483871,False,31,0,0,0,1.0,1.0,1.0,1655000.0,1599000.0,120.5,8.6,0.7354838709677419,75.0,22.4
73,2013-02-01,2013,2,1,Winter,Pre-COVID,1702000,130.8,8.3,-4.457142857142857,112.4,72.8,-0.6964285714285714,-8.196428571428571,False,28,0,0,0,1.0,1.0,1.0,1606000.0,1643000.0,122.5,8.5,-2.819354838709677,67.4,19.0
74,2013-03-01,2013,3,1,Spring,Pre-COVID,1672000,130.0,8.2,0.1064516129032258,25.8,12.6,3.85483870967742,-3.645161290322581,False,31,0,0,0,1.0,1.0,1.0,1702000.0,1613000.0,130.8,8.3,-4.457142857142857,112.4,72.8
75,2013-04-01,2013,4,2,Spring,Pre-COVID,1650000,126.1,8.1,6.069999999999999,106.1,5.0,10.86666666666667,1.233333333333333,False,30,0,0,0,1.0,1.0,1.0,1672000.0,1614000.0,130.0,8.2,0.1064516129032258,25.8,12.6
76,2013-05-01,2013,5,2,Spring,Pre-COVID,1661000,125.4,8.0,15.10322580645161,97.2,0.0,21.67741935483871,8.46774193548387,False,31,0,0,0,1.0,1.0,1.0,1650000.0,1609000.0,126.1,8.1,6.069999999999999,106.1,5.0
77,2013-06-01,2013,6,2,Summer,Pre-COVID,1670000,128.1,8.0,18.92,140.4,0.0,23.68333333333333,14.11666666666667,False,30,0,0,0,1.0,1.0,1.0,1661000.0,1627000.0,125.4,8.0,15.10322580645161,97.2,0.0
78,2013-07-01,2013,7,3,Summer,Pre-COVID,1564000,131.7,8.1,22.26451612903226,178.0,0.0,27.29032258064516,17.19354838709678,False,31,0,0,0,1.0,1.0,1.0,1670000.0,1528000.0,128.1,8.0,18.92,140.4,0.0
79,2013-08-01,2013,8,3,Summer,Pre-COVID,1562000,131.2,8.2,20.64193548387097,45.4,0.0,26.35483870967742,14.88709677419355,False,31,0,0,0,1.0,1.0,1.0,1564000.0,1515000.0,131.7,8.1,22.26451612903226,178.0,0.0
80,2013-09-01,2013,9,3,Fall,Pre-COVID,1743000,130.7,8.2,15.63793103448276,68.8,0.0,21.0,10.24137931034483,False,30,1,1,1,0.9666666666666668,0.9666666666666668,0.9666666666666668,1562000.0,1727000.0,131.2,8.2,20.64193548387097,45.4,0.0
81,2013-10-01,2013,10,4,Fall,Pre-COVID,1760000,124.8,8.1,10.83548387096774,101.4,0.0,15.45161290322581,6.17741935483871,False,31,0,0,0,1.0,1.0,1.0,1743000.0,1712000.0,130.7,8.2,15.63793103448276,68.8,0.0
82,2013-11-01,2013,11,4,Fall,Pre-COVID,1751000,124.6,8.2,2.496666666666667,36.4,6.6,6.183333333333334,-1.2,False,30,0,0,0,1.0,1.0,1.0,1760000.0,1716000.0,124.8,8.1,10.83548387096774,101.4,0.0
83,2013-12-01,2013,12,4,Winter,Pre-COVID,1567000,127.3,8.2,-4.267741935483872,80.60000000000001,36.6,-0.9838709677419356,-7.516129032258065,False,31,0,0,0,1.0,1.0,1.0,1751000.0,1655000.0,124.6,8.2,2.496666666666667,36.4,6.6
84,2014-01-01,2014,1,1,Winter,Pre-COVID,1651000,126.6,8.2,-8.474193548387097,45.0,35.6,-4.467741935483871,-12.43548387096774,False,31,0,0,0,1.0,1.0,1.0,1567000.0,1606000.0,127.3,8.2,-4.267741935483872,80.60000000000001,36.6
85,2014-02-01,2014,2,1,Winter,Pre-COVID,1734000,130.6,8.2,-8.128571428571428,61.6,62.0,-3.928571428571429,-12.30357142857143,False,28,0,0,0,1.0,1.0,1.0,1651000.0,1702000.0,126.6,8.2,-8.474193548387097,45.0,35.6
86,2014-03-01,2014,3,1,Spring,Pre-COVID,1665000,131.5,8.0,-4.035483870967743,39.2,31.2,0.8387096774193549,-8.887096774193548,False,31,0,0,0,1.0,1.0,1.0,1734000.0,1672000.0,130.6,8.2,-8.128571428571428,61.6,62.0
87,2014-04-01,2014,4,2,Spring,Pre-COVID,1682000,135.0,7.8,6.273333333333333,95.6,4.0,11.48333333333333,1.033333333333333,False,30,0,0,0,1.0,1.0,1.0,1665000.0,1650000.0,131.5,8.0,-4.035483870967743,39.2,31.2
88,2014-05-01,2014,5,2,Spring,Pre-COVID,1700000,135.8,7.9,14.4741935483871,56.6,0.0,19.96774193548387,8.919354838709678,False,31,0,0,0,1.0,1.0,1.0,1682000.0,1661000.0,135.0,7.8,6.273333333333333,95.6,4.0
89,2014-06-01,2014,6,2,Summer,Pre-COVID,1650000,140.5,8.2,19.61666666666667,114.8,0.0,25.66666666666667,13.51666666666667,False,30,0,0,0,1.0,1.0,1.0,1700000.0,1670000.0,135.8,7.9,14.4741935483871,56.6,0.0
90,2014-07-01,2014,7,3,Summer,Pre-COVID,1603000,136.7,8.5,20.0741935483871,140.4,0.0,25.5,14.59677419354839,False,31,0,0,0,1.0,1.0,1.0,1650000.0,1564000.0,140.5,8.2,19.61666666666667,114.8,0.0
91,2014-08-01,2014,8,3,Summer,Pre-COVID,1582000,132.0,8.5,20.1,128.6,0.0,25.24193548387097,14.91935483870968,False,31,0,0,0,1.0,1.0,1.0,1603000.0,1562000.0,136.7,8.5,20.0741935483871,140.4,0.0
92,2014-09-01,2014,9,3,Fall,Pre-COVID,1739000,130.1,8.4,16.36333333333333,118.4,0.0,21.83333333333333,10.85,False,30,0,0,0,1.0,1.0,1.0,1582000.0,1743000.0,132.0,8.5,20.1,128.6,0.0
93,2014-10-01,2014,10,4,Fall,Pre-COVID,1816000,123.8,8.1,10.84193548387097,100.2,0.0,14.80645161290323,6.82258064516129,False,31,0,0,0,1.0,1.0,1.0,1739000.0,1760000.0,130.1,8.4,16.36333333333333,118.4,0.0
94,2014-11-01,2014,11,4,Fall,Pre-COVID,1831000,114.8,8.0,2.103333333333333,46.1,14.5,5.616666666666666,-1.416666666666667,False,30,0,0,0,1.0,1.0,1.0,1816000.0,1751000.0,123.8,8.1,10.84193548387097,100.2,0.0
95,2014-12-01,2014,12,4,Winter,Pre-COVID,1589000,103.8,7.7,-0.1032258064516128,43.4,24.8,2.564516129032258,-2.741935483870968,False,31,0,0,0,1.0,1.0,1.0,1831000.0,1567000.0,114.8,8.0,2.103333333333333,46.1,14.5
96,2015-01-01,2015,1,1,Winter,Pre-COVID,1697000,91.0,7.6,-7.7,36.0,19.8,-3.32258064516129,-12.03225806451613,False,31,0,0,0,1.0,1.0,1.0,1589000.0,1651000.0,103.8,7.7,-0.1032258064516128,43.4,24.8
97,2015-02-01,2015,2,1,Winter,Pre-COVID,1739000,101.4,7.5,-12.39642857142857,39.2,51.4,-7.892857142857143,-16.83928571428572,False,28,0,0,0,1.0,1.0,1.0,1697000.0,1734000.0,91.0,7.6,-7.7,36.0,19.8
98,2015-03-01,2015,3,1,Spring,Pre-COVID,1689000,105.5,7.5,-1.887096774193548,15.2,3.4,2.790322580645161,-6.564516129032258,False,31,0,0,0,1.0,1.0,1.0,1739000.0,1665000.0,101.4,7.5,-12.39642857142857,39.2,51.4
99,2015-04-01,2015,4,2,Spring,Pre-COVID,1711000,105.2,7.4,7.473333333333333,81.8,1.6,13.46666666666667,1.433333333333333,False,30,0,0,0,1.0,1.0,1.0,1689000.0,1682000.0,105.5,7.5,-1.887096774193548,15.2,3.4
100,2015-05-01,2015,5,2,Spring,Pre-COVID,1722000,112.6,7.1,16.50645161290323,90.0,0.0,23.09677419354839,9.85483870967742,False,31,0,0,0,1.0,1.0,1.0,1711000.0,1700000.0,105.2,7.4,7.473333333333333,81.8,1.6
101,2015-06-01,2015,6,2,Summer,Pre-COVID,1640000,118.1,6.9,17.89,172.6,0.0,23.1,12.61666666666667,False,30,0,0,0,1.0,1.0,1.0,1722000.0,1650000.0,112.6,7.1,16.50645161290323,90.0,0.0
102,2015-07-01,2015,7,3,Summer,Pre-COVID,1594000,121.0,6.7,21.19032258064516,28.6,0.0,27.46774193548387,14.87096774193548,False,31,0,0,0,1.0,1.0,1.0,1640000.0,1603000.0,118.1,6.9,17.89,172.6,0.0
103,2015-08-01,2015,8,3,Summer,Pre-COVID,1566000,113.0,6.8,20.56774193548388,93.0,0.0,25.74193548387097,15.33870967741935,False,31,0,0,0,1.0,1.0,1.0,1594000.0,1582000.0,121.0,6.7,21.19032258064516,28.6,0.0
104,2015-09-01,2015,9,3,Fall,Pre-COVID,1717000,105.2,6.9,19.50333333333333,65.8,0.0,25.0,13.95,False,30,0,0,0,1.0,1.0,1.0,1566000.0,1739000.0,113.0,6.8,20.56774193548388,93.0,0.0
105,2015-10-01,2015,10,4,Fall,Pre-COVID,1794000,100.8,7.2,9.748387096774191,91.6,0.0,14.35483870967742,5.096774193548387,False,31,0,0,0,1.0,1.0,1.0,1717000.0,1816000.0,105.2,6.9,19.50333333333333,65.8,0.0
106,2015-11-01,2015,11,4,Fall,Pre-COVID,1784000,103.0,7.2,6.67,33.2,0.8,11.35,1.95,False,30,0,0,0,1.0,1.0,1.0,1794000.0,1831000.0,100.8,7.2,9.748387096774191,91.6,0.0
107,2015-12-01,2015,12,4,Winter,Pre-COVID,1614000,100.4,7.3,4.287096774193548,55.3,8.5,7.725806451612903,0.7903225806451613,False,31,0,0,0,1.0,1.0,1.0,1784000.0,1589000.0,103.0,7.2,6.67,33.2,0.8
108,2016-01-01,2016,1,1,Winter,Pre-COVID,1695000,95.7,7.1,-3.167741935483871,44.0,20.2,0.8064516129032258,-7.112903225806452,False,31,0,0,0,1.0,1.0,1.0,1614000.0,1697000.0,100.4,7.3,4.287096774193548,55.3,8.5
109,2016-02-01,2016,2,1,Winter,Pre-COVID,1675000,89.8,7.2,-2.162068965517241,45.8,17.0,2.327586206896552,-6.655172413793103,False,29,0,0,0,1.0,1.0,1.0,1695000.0,1739000.0,95.7,7.1,-3.167741935483871,44.0,20.2
110,2016-03-01,2016,3,1,Spring,Pre-COVID,1675000,92.5,7.2,2.423076923076923,65.6,16.2,7.346153846153846,-2.538461538461538,False,31,5,5,5,0.8387096774193549,0.8387096774193549,0.8387096774193549,1675000.0,1689000.0,89.8,7.2,-2.162068965517241,45.8,17.0
111,2016-04-01,2016,4,2,Spring,Pre-COVID,1736000,102.3,7.6,5.0,52.6,16.2,10.44642857142857,-0.4642857142857143,False,30,2,2,2,0.9333333333333332,0.9333333333333332,0.9333333333333332,1675000.0,1711000.0,92.5,7.2,2.423076923076923,65.6,16.2
112,2016-05-01,2016,5,2,Spring,Pre-COVID,1697000,106.1,7.5,14.4741935483871,47.8,0.0,21.04838709677419,7.854838709677419,False,31,0,0,0,1.0,1.0,1.0,1736000.0,1722000.0,102.3,7.6,5.0,52.6,16.2
113,2016-06-01,2016,6,2,Summer,Pre-COVID,1675000,106.1,7.0,19.33666666666666,40.2,0.0,26.15,12.46666666666667,False,30,0,0,0,1.0,1.0,1.0,1697000.0,1640000.0,106.1,7.5,14.4741935483871,47.8,0.0
114,2016-07-01,2016,7,3,Summer,Pre-COVID,1653000,102.4,6.6,23.28387096774193,40.0,0.0,29.51612903225806,17.0,False,31,0,0,0,1.0,1.0,1.0,1675000.0,1594000.0,106.1,7.0,19.33666666666666,40.2,0.0
115,2016-08-01,2016,8,3,Summer,Pre-COVID,1556000,101.1,6.6,23.93225806451613,84.0,0.0,30.04838709677419,17.75806451612903,False,31,0,0,0,1.0,1.0,1.0,1653000.0,1566000.0,102.4,6.6,23.28387096774193,40.0,0.0
116,2016-09-01,2016,9,3,Fall,Pre-COVID,1742000,100.9,7.0,18.84,41.2,0.0,24.8,12.83333333333333,False,30,0,0,0,1.0,1.0,1.0,1556000.0,1717000.0,101.1,6.6,23.93225806451613,84.0,0.0
117,2016-10-01,2016,10,4,Fall,Pre-COVID,1788000,105.4,7.0,11.39677419354839,55.2,1.6,15.82258064516129,6.919354838709677,False,31,0,0,0,1.0,1.0,1.0,1742000.0,1794000.0,100.9,7.0,18.84,41.2,0.0
118,2016-11-01,2016,11,4,Fall,Pre-COVID,1780000,101.4,6.9,6.133333333333334,56.6,7.4,11.11666666666667,1.1,False,30,0,0,0,1.0,1.0,1.0,1788000.0,1784000.0,105.4,7.0,11.39677419354839,55.2,1.6
119,2016-12-01,2016,12,4,Winter,Pre-COVID,1607000,104.7,7.0,-1.858064516129032,81.4,49.0,1.241935483870968,-4.951612903225806,False,31,0,0,0,1.0,1.0,1.0,1780000.0,1614000.0,101.4,6.9,6.133333333333334,56.6,7.4
120,2017-01-01,2017,1,1,Winter,Pre-COVID,1653000,112.8,7.1,-1.616129032258065,78.2,11.6,1.129032258064516,-4.354838709677419,False,31,0,0,0,1.0,1.0,1.0,1607000.0,1695000.0,104.7,7.0,-1.858064516129032,81.4,49.0
121,2017-02-01,2017,2,1,Winter,Pre-COVID,1710000,107.8,7.3,-0.307142857142857,73.6,23.6,3.928571428571429,-4.535714285714286,False,28,0,0,0,1.0,1.0,1.0,1653000.0,1675000.0,112.8,7.1,-1.616129032258065,78.2,11.6
122,2017-03-01,2017,3,1,Spring,Pre-COVID,1685000,107.6,7.2,-0.6193548387096776,67.8,9.8,3.838709677419355,-5.080645161290323,False,31,0,0,0,1.0,1.0,1.0,1710000.0,1675000.0,107.8,7.3,-0.307142857142857,73.6,23.6
123,2017-04-01,2017,4,2,Spring,Pre-COVID,1737000,116.0,6.9,9.493333333333334,119.2,3.2,15.03333333333333,3.9,False,30,0,0,0,1.0,1.0,1.0,1685000.0,1736000.0,107.6,7.2,-0.6193548387096776,67.8,9.8
124,2017-05-01,2017,5,2,Spring,Pre-COVID,1686000,112.0,6.8,12.56451612903226,143.5,0.0,17.61290322580645,7.467741935483871,False,31,0,0,0,1.0,1.0,1.0,1737000.0,1697000.0,116.0,6.9,9.493333333333334,119.2,3.2
125,2017-06-01,2017,6,2,Summer,Pre-COVID,1698000,107.3,6.6,19.09333333333333,150.6,0.0,24.6,13.53333333333333,False,30,0,0,0,1.0,1.0,1.0,1686000.0,1675000.0,112.0,6.8,12.56451612903226,143.5,0.0
126,2017-07-01,2017,7,3,Summer,Pre-COVID,1656000,109.5,6.7,21.09354838709677,91.9,0.0,26.41935483870968,15.70967741935484,False,31,0,0,0,1.0,1.0,1.0,1698000.0,1653000.0,107.3,6.6,19.09333333333333,150.6,0.0
127,2017-08-01,2017,8,3,Summer,Pre-COVID,1572000,112.5,6.4,19.73870967741935,112.4,0.0,25.41935483870968,14.01612903225806,False,31,0,0,0,1.0,1.0,1.0,1656000.0,1556000.0,109.5,6.7,21.09354838709677,91.9,0.0
128,2017-09-01,2017,9,3,Fall,Pre-COVID,1753000,118.2,6.3,18.41,34.2,0.0,25.1,11.66666666666667,False,30,0,0,0,1.0,1.0,1.0,1572000.0,1742000.0,112.5,6.4,19.73870967741935,112.4,0.0
129,2017-10-01,2017,10,4,Fall,Pre-COVID,1759000,114.9,6.1,12.91290322580645,60.8,0.0,18.12903225806452,7.645161290322581,False,31,0,0,0,1.0,1.0,1.0,1753000.0,1788000.0,118.2,6.3,18.41,34.2,0.0
130,2017-11-01,2017,11,4,Fall,Pre-COVID,1753000,122.2,6.3,3.563333333333333,54.6,1.6,7.666666666666667,-0.5833333333333334,False,30,0,0,0,1.0,1.0,1.0,1759000.0,1780000.0,114.9,6.1,12.91290322580645,60.8,0.0
131,2017-12-01,2017,12,4,Winter,Pre-COVID,1604000,121.0,6.5,-4.851612903225806,37.0,43.8,-1.225806451612903,-8.451612903225806,False,31,0,0,0,1.0,1.0,1.0,1753000.0,1607000.0,122.2,6.3,3.563333333333333,54.6,1.6
132,2018-01-01,2018,1,1,Winter,Pre-COVID,1608000,124.5,6.4,-5.948387096774193,62.8,28.4,-1.064516129032258,-10.82258064516129,False,31,0,0,0,1.0,1.0,1.0,1604000.0,1653000.0,121.0,6.5,-4.851612903225806,37.0,43.8
133,2018-02-01,2018,2,1,Winter,Pre-COVID,1731000,123.6,6.2,-1.792857142857143,60.2,26.0,2.642857142857143,-6.214285714285714,False,28,0,0,0,1.0,1.0,1.0,1608000.0,1710000.0,124.5,6.4,-5.948387096774193,62.8,28.4
134,2018-03-01,2018,3,1,Spring,Pre-COVID,1700000,126.1,5.9,0.0709677419354838,28.6,7.4,4.403225806451613,-4.241935483870968,False,31,0,0,0,1.0,1.0,1.0,1731000.0,1685000.0,123.6,6.2,-1.792857142857143,60.2,26.0
135,2018-04-01,2018,4,2,Spring,Pre-COVID,1689000,133.7,5.8,3.24,161.2,15.2,8.133333333333333,-1.683333333333333,False,30,0,0,0,1.0,1.0,1.0,1700000.0,1737000.0,126.1,5.9,0.0709677419354838,28.6,7.4
136,2018-05-01,2018,5,2,Spring,Pre-COVID,1679000,137.3,6.0,17.13225806451613,57.4,0.0,23.79032258064516,10.43548387096774,False,31,0,0,0,1.0,1.0,1.0,1689000.0,1686000.0,133.7,5.8,3.24,161.2,15.2
137,2018-06-01,2018,6,2,Summer,Pre-COVID,1710000,134.6,6.2,19.48,43.8,0.0,25.35,13.55,False,30,0,0,0,1.0,1.0,1.0,1679000.0,1698000.0,137.3,6.0,17.13225806451613,57.4,0.0
138,2018-07-01,2018,7,3,Summer,Pre-COVID,1595000,135.6,6.2,22.88387096774193,87.6,0.0,28.87096774193548,16.85483870967742,False,31,0,0,0,1.0,1.0,1.0,1710000.0,1656000.0,134.6,6.2,19.48,43.8,0.0
139,2018-08-01,2018,8,3,Summer,Pre-COVID,1530000,133.6,6.1,22.88387096774193,119.2,0.0,27.96774193548387,17.75806451612903,False,31,0,0,0,1.0,1.0,1.0,1595000.0,1572000.0,135.6,6.2,22.88387096774193,87.6,0.0
140,2018-09-01,2018,9,3,Fall,Pre-COVID,1754000,129.3,6.0,18.96,70.0,0.0,23.98333333333333,13.9,False,30,0,0,0,1.0,1.0,1.0,1530000.0,1753000.0,133.6,6.1,22.88387096774193,119.2,0.0
141,2018-10-01,2018,10,4,Fall,Pre-COVID,1682000,124.0,6.1,9.103225806451611,66.39999999999999,0.6,13.12903225806452,5.016129032258065,False,31,0,0,0,1.0,1.0,1.0,1754000.0,1759000.0,129.3,6.0,18.96,70.0,0.0
142,2018-11-01,2018,11,4,Fall,Pre-COVID,1705000,111.7,6.2,1.38,111.4,14.6,4.3,-1.566666666666667,False,30,0,0,0,1.0,1.0,1.0,1682000.0,1753000.0,124.0,6.1,9.103225806451611,66.39999999999999,0.6
143,2018-12-01,2018,12,4,Winter,Pre-COVID,1544000,105.5,6.2,-0.4935483870967742,56.8,10.2,2.806451612903226,-3.790322580645161,False,31,0,0,0,1.0,1.0,1.0,1705000.0,1604000.0,111.7,6.2,1.38,111.4,14.6
144,2019-01-01,2019,1,1,Winter,Pre-COVID,1625000,102.4,6.2,-6.506451612903226,69.0,60.6,-2.483870967741935,-10.48387096774194,False,31,0,0,0,1.0,1.0,1.0,1544000.0,1608000.0,105.5,6.2,-0.4935483870967742,56.8,10.2
145,2019-02-01,2019,2,1,Winter,Pre-COVID,1670000,102.1,6.3,-4.357142857142857,69.2,46.6,-0.2678571428571428,-8.428571428571429,False,28,0,0,0,1.0,1.0,1.0,1625000.0,1731000.0,102.4,6.2,-6.506451612903226,69.0,60.6
146,2019-03-01,2019,3,1,Spring,Pre-COVID,1725000,115.8,6.5,-1.174193548387097,63.00000000000001,10.8,3.419354838709677,-5.774193548387097,False,31,0,0,0,1.0,1.0,1.0,1670000.0,1700000.0,102.1,6.3,-4.357142857142857,69.2,46.6
147,2019-04-01,2019,4,2,Spring,Pre-COVID,1681000,126.7,6.5,6.35,95.8,0.2,11.05,1.6,False,30,0,0,0,1.0,1.0,1.0,1725000.0,1689000.0,115.8,6.5,-1.174193548387097,63.00000000000001,10.8
148,2019-05-01,2019,5,2,Spring,Pre-COVID,1683000,127.7,6.2,12.08709677419355,91.2,0.0,17.2741935483871,6.854838709677419,False,31,0,0,0,1.0,1.0,1.0,1681000.0,1679000.0,126.7,6.5,6.35,95.8,0.2
149,2019-06-01,2019,6,2,Summer,Pre-COVID,1725000,118.9,5.9,17.87333333333333,103.8,0.0,23.51666666666667,12.16666666666667,False,30,0,0,0,1.0,1.0,1.0,1683000.0,1710000.0,127.7,6.2,12.08709677419355,91.2,0.0
150,2019-07-01,2019,7,3,Summer,Pre-COVID,1627000,125.3,5.7,23.35483870967742,60.6,0.0,29.58064516129032,17.09677419354839,False,31,0,0,0,1.0,1.0,1.0,1725000.0,1595000.0,118.9,5.9,17.87333333333333,103.8,0.0
151,2019-08-01,2019,8,3,Summer,Pre-COVID,1596000,118.5,5.8,21.06774193548388,35.0,0.0,26.98387096774194,15.11290322580645,False,31,0,0,0,1.0,1.0,1.0,1627000.0,1530000.0,125.3,5.7,23.35483870967742,60.6,0.0
152,2019-09-01,2019,9,3,Fall,Pre-COVID,1798000,116.7,5.6,17.41666666666667,50.2,0.0,22.73333333333333,12.05,False,30,0,0,0,1.0,1.0,1.0,1596000.0,1754000.0,118.5,5.8,21.06774193548388,35.0,0.0
153,2019-10-01,2019,10,4,Fall,Pre-COVID,1778000,116.9,5.5,10.3483870967742,133.7,0.0,15.08064516129032,5.564516129032258,False,31,0,0,0,1.0,1.0,1.0,1798000.0,1682000.0,116.7,5.6,17.41666666666667,50.2,0.0
154,2019-11-01,2019,11,4,Fall,Pre-COVID,1807000,116.4,5.5,0.5633333333333332,44.2,23.6,4.05,-2.933333333333333,False,30,0,0,0,1.0,1.0,1.0,1778000.0,1705000.0,116.9,5.5,10.3483870967742,133.7,0.0
155,2019-12-01,2019,12,4,Winter,Pre-COVID,1587000,116.0,5.4,-1.393548387096774,69.8,30.2,2.193548387096774,-4.951612903225806,False,31,0,0,0,1.0,1.0,1.0,1807000.0,1544000.0,116.4,5.5,0.5633333333333332,44.2,23.6
156,2020-01-01,2020,1,1,Winter,Pre-COVID,1670000,114.6,5.3,-1.612903225806452,145.4,29.4,2.0,-5.225806451612903,False,31,0,0,0,1.0,1.0,1.0,1587000.0,1625000.0,116.0,5.4,-1.393548387096774,69.8,30.2
157,2020-02-01,2020,2,1,Winter,Pre-COVID,1726000,111.0,5.4,-2.872413793103448,56.4,51.0,0.7241379310344828,-6.465517241379311,False,29,0,0,0,1.0,1.0,1.0,1670000.0,1670000.0,114.6,5.3,-1.612903225806452,145.4,29.4
158,2020-03-01,2020,3,1,Spring,COVID/Recovery,972000,86.1,6.5,3.123076923076923,56.2,5.2,8.0,-1.788461538461538,False,31,5,5,5,0.8387096774193549,0.8387096774193549,0.8387096774193549,1726000.0,1725000.0,111.0,5.4,-2.872413793103448,56.4,51.0
159,2020-04-01,2020,4,2,Spring,COVID/Recovery,205000,79.1,8.8,6.627272727272728,16.2,0.0,12.22727272727273,1.0,True,30,19,19,19,0.3666666666666667,0.3666666666666667,0.3666666666666667,972000.0,1681000.0,86.1,6.5,3.123076923076923,56.2,5.2
160,2020-05-01,2020,5,2,Spring,COVID/Recovery,263000,91.2,12.4,11.76875,34.7,0.0,17.40625,6.0625,True,31,15,15,15,0.5161290322580645,0.5161290322580645,0.5161290322580645,205000.0,1683000.0,79.1,8.8,6.627272727272728,16.2,0.0
161,2020-06-01,2020,6,2,Summer,COVID/Recovery,345000,99.9,14.3,19.15,8.2,0.0,27.125,11.125,True,30,22,22,22,0.2666666666666667,0.2666666666666667,0.2666666666666667,263000.0,1725000.0,91.2,12.4,11.76875,34.7,0.0
162,2020-07-01,2020,7,3,Summer,COVID/Recovery,512000,104.3,15.1,25.06666666666666,32.8,0.0,31.45833333333333,18.625,True,31,19,19,19,0.3870967741935484,0.3870967741935484,0.3870967741935484,345000.0,1627000.0,99.9,14.3,19.15,8.2,0.0
163,2020-08-01,2020,8,3,Summer,COVID/Recovery,586000,103.9,13.8,21.66842105263158,66.6,0.0,27.34210526315789,15.94736842105263,True,31,12,12,12,0.6129032258064516,0.6129032258064516,0.6129032258064516,512000.0,1596000.0,104.3,15.1,25.06666666666666,32.8,0.0
164,2020-09-01,2020,9,3,Fall,COVID/Recovery,629000,101.8,12.7,16.33888888888889,26.0,0.0,21.66666666666667,10.94444444444444,True,30,12,12,12,0.6,0.6,0.6,586000.0,1798000.0,103.9,13.8,21.66842105263158,66.6,0.0
165,2020-10-01,2020,10,4,Fall,COVID/Recovery,607000,100.7,11.2,9.094444444444443,32.4,0.0,13.63888888888889,4.5,True,31,13,13,13,0.5806451612903225,0.5806451612903225,0.5806451612903225,629000.0,1778000.0,101.8,12.7,16.33888888888889,26.0,0.0
166,2020-11-01,2020,11,4,Fall,COVID/Recovery,578000,99.3,10.4,5.854545454545455,69.0,32.8,9.636363636363637,2.045454545454545,True,30,8,8,8,0.7333333333333334,0.7333333333333334,0.7333333333333334,607000.0,1807000.0,100.7,11.2,9.094444444444443,32.4,0.0
167,2020-12-01,2020,12,4,Winter,COVID/Recovery,486000,103.6,10.5,-0.5290322580645161,63.4,32.8,2.370967741935484,-3.435483870967742,False,31,0,0,0,1.0,1.0,1.0,578000.0,1587000.0,99.3,10.4,5.854545454545455,69.0,32.8
168,2021-01-01,2021,1,1,Winter,COVID/Recovery,421000,110.9,11.2,-3.636,21.2,14.4,-0.58,-6.64,False,31,6,6,6,0.8064516129032258,0.8064516129032258,0.8064516129032258,486000.0,1670000.0,103.6,10.5,-0.5290322580645161,63.4,32.8
169,2021-02-01,2021,2,1,Winter,COVID/Recovery,451000,118.1,11.6,-5.175,36.8,33.2,-0.9375,-9.375,False,28,4,4,4,0.8571428571428572,0.8571428571428572,0.8571428571428572,421000.0,1726000.0,110.9,11.2,-3.636,21.2,14.4
170,2021-03-01,2021,3,1,Spring,COVID/Recovery,509000,123.8,10.8,3.558620689655172,42.99999999999999,0.0,9.70689655172414,-2.620689655172414,False,31,2,2,2,0.935483870967742,0.935483870967742,0.935483870967742,451000.0,972000.0,118.1,11.6,-5.175,36.8,33.2
171,2021-04-01,2021,4,2,Spring,COVID/Recovery,449000,125.9,10.1,8.392857142857142,60.6,3.8,13.57142857142857,3.178571428571428,False,30,2,2,2,0.9333333333333332,0.9333333333333332,0.9333333333333332,509000.0,205000.0,123.8,10.8,3.558620689655172,42.99999999999999,0.0
172,2021-05-01,2021,5,2,Spring,COVID/Recovery,464000,130.2,10.0,12.85357142857143,20.0,0.2,19.64285714285714,6.0,False,31,3,3,3,0.9032258064516128,0.9032258064516128,0.9032258064516128,449000.0,263000.0,125.9,10.1,8.392857142857142,60.6,3.8
173,2021-06-01,2021,6,2,Summer,COVID/Recovery,524000,132.6,10.3,21.275,72.4,0.0,26.94642857142857,15.55357142857143,False,30,2,2,2,0.9333333333333332,0.9333333333333332,0.9333333333333332,464000.0,345000.0,130.2,10.0,12.85357142857143,20.0,0.2
174,2021-07-01,2021,7,3,Summer,COVID/Recovery,604000,136.4,10.0,21.1,89.7,0.0,26.53571428571428,15.625,False,31,3,3,3,0.9032258064516128,0.9032258064516128,0.9032258064516128,524000.0,512000.0,132.6,10.3,21.275,72.4,0.0
175,2021-08-01,2021,8,3,Summer,COVID/Recovery,661000,137.2,9.3,23.67333333333334,28.8,0.0,29.6,17.68333333333333,False,31,1,1,1,0.967741935483871,0.967741935483871,0.967741935483871,604000.0,586000.0,136.4,10.0,21.1,89.7,0.0
176,2021-09-01,2021,9,3,Fall,COVID/Recovery,759000,137.9,8.8,17.54666666666667,158.7,0.0,22.95,12.08333333333333,False,30,0,0,0,1.0,1.0,1.0,661000.0,629000.0,137.2,9.3,23.67333333333334,28.8,0.0
177,2021-10-01,2021,10,4,Fall,COVID/Recovery,836000,145.3,8.2,13.716,81.6,0.0,17.48,9.9,False,31,6,6,6,0.8064516129032258,0.8064516129032258,0.8064516129032258,759000.0,607000.0,137.9,8.8,17.54666666666667,158.7,0.0
178,2021-11-01,2021,11,4,Fall,COVID/Recovery,856000,144.3,7.7,3.442857142857143,39.3,11.6,7.910714285714286,-1.035714285714286,False,30,2,2,2,0.9333333333333332,0.9333333333333332,0.9333333333333332,836000.0,578000.0,145.3,8.2,13.716,81.6,0.0
179,2021-12-01,2021,12,4,Winter,COVID/Recovery,790000,137.7,7.4,1.838888888888889,53.8,10.8,5.75,-2.083333333333333,True,31,13,13,13,0.5806451612903225,0.5806451612903225,0.5806451612903225,856000.0,486000.0,144.3,7.7,3.442857142857143,39.3,11.6
180,2022-01-01,2022,1,1,Winter,COVID/Recovery,572000,146.1,7.8,-8.654166666666667,47.6,50.8,-3.833333333333333,-13.4375,True,31,7,7,7,0.7741935483870968,0.7741935483870968,0.7741935483870968,790000.0,421000.0,137.7,7.4,1.838888888888889,53.8,10.8
181,2022-02-01,2022,2,1,Winter,COVID/Recovery,775000,157.5,7.6,-4.714285714285714,52.2,29.4,-0.1964285714285714,-9.196428571428571,False,28,0,0,0,1.0,1.0,1.0,572000.0,451000.0,146.1,7.8,-8.654166666666667,47.6,50.8
182,2022-03-01,2022,3,1,Spring,COVID/Recovery,878000,173.0,7.3,1.351724137931034,60.2,13.6,6.206896551724138,-3.5,False,31,2,2,2,0.935483870967742,0.935483870967742,0.935483870967742,775000.0,509000.0,157.5,7.6,-4.714285714285714,52.2,29.4
183,2022-04-01,2022,4,2,Spring,COVID/Recovery,905000,174.3,6.5,6.888461538461538,55.6,5.0,11.96153846153846,1.769230769230769,False,30,4,4,4,0.8666666666666667,0.8666666666666667,0.8666666666666667,878000.0,449000.0,173.0,7.3,1.351724137931034,60.2,13.6
184,2022-05-01,2022,5,2,Spring,COVID/Recovery,993000,198.0,6.2,15.19,48.3,0.0,21.63333333333333,8.7,False,31,1,1,1,0.967741935483871,0.967741935483871,0.967741935483871,905000.0,464000.0,174.3,6.5,6.888461538461538,55.6,5.0
185,2022-06-01,2022,6,2,Summer,COVID/Recovery,1029000,205.9,6.0,19.05666666666667,59.0,0.0,25.65,12.41666666666667,False,30,0,0,0,1.0,1.0,1.0,993000.0,524000.0,198.0,6.2,15.19,48.3,0.0
186,2022-07-01,2022,7,3,Summer,COVID/Recovery,1000000,180.5,5.8,22.2741935483871,43.1,0.0,28.81935483870968,15.69354838709677,False,31,0,0,0,1.0,1.0,1.0,1029000.0,604000.0,205.9,6.0,19.05666666666667,59.0,0.0
187,2022-08-01,2022,8,3,Summer,COVID/Recovery,1009000,165.6,5.7,22.11071428571429,107.0,0.0,28.15714285714285,16.01785714285714,False,31,3,3,3,0.9032258064516128,0.9032258064516128,0.9032258064516128,1000000.0,661000.0,180.5,5.8,22.2741935483871,43.1,0.0
188,2022-09-01,2022,9,3,Fall,COVID/Recovery,1208000,148.7,5.9,17.59655172413793,47.1,0.0,22.89655172413793,12.24137931034483,False,30,1,1,1,0.9666666666666668,0.9666666666666668,0.9666666666666668,1009000.0,759000.0,165.6,5.7,22.11071428571429,107.0,0.0
189,2022-10-01,2022,10,4,Fall,COVID/Recovery,1188000,164.3,6.1,9.632142857142856,38.9,0.0,15.32142857142857,3.892857142857143,False,31,3,3,3,0.9032258064516128,0.9032258064516128,0.9032258064516128,1208000.0,836000.0,148.7,5.9,17.59655172413793,47.1,0.0
190,2022-11-01,2022,11,4,Fall,COVID/Recovery,1182000,161.6,6.4,5.596428571428571,52.8,8.0,10.01785714285714,1.142857142857143,False,30,2,2,2,0.9333333333333332,0.9333333333333332,0.9333333333333332,1188000.0,856000.0,164.3,6.1,9.632142857142856,38.9,0.0
191,2022-12-01,2022,12,4,Winter,COVID/Recovery,1080000,140.7,6.3,-0.96,85.7,12.1,2.42,-4.34,False,31,6,6,6,0.8064516129032258,0.8064516129032258,0.8064516129032258,1182000.0,790000.0,161.6,6.4,5.596428571428571,52.8,8.0
192,2023-01-01,2023,1,1,Winter,Post-COVID,1117000,148.6,6.2,-1.362962962962963,72.7,33.9,1.351851851851852,-4.074074074074074,False,31,4,4,4,0.8709677419354839,0.8709677419354839,0.8709677419354839,1080000.0,572000.0,140.7,6.3,-0.96,85.7,12.1
193,2023-02-01,2023,2,1,Winter,Post-COVID,1168000,144.6,5.9,-2.028571428571429,75.1,27.7,2.535714285714286,-6.589285714285714,False,28,0,0,0,1.0,1.0,1.0,1117000.0,775000.0,148.6,6.2,-1.362962962962963,72.7,33.9
194,2023-03-01,2023,3,1,Spring,Post-COVID,1190000,145.8,5.8,1.233333333333333,108.7,37.5,5.29,-2.816666666666667,False,31,1,1,1,0.967741935483871,0.967741935483871,0.967741935483871,1168000.0,878000.0,144.6,5.9,-2.028571428571429,75.1,27.7
195,2023-04-01,2023,4,2,Spring,Post-COVID,1198000,156.6,5.7,9.11,93.0,0.0,14.73333333333333,3.433333333333333,False,30,0,0,0,1.0,1.0,1.0,1190000.0,905000.0,145.8,5.8,1.233333333333333,108.7,37.5
196,2023-05-01,2023,5,2,Spring,Post-COVID,1239000,156.1,5.8,13.45483870967742,76.8,0.0,20.51612903225806,6.338709677419355,False,31,0,0,0,1.0,1.0,1.0,1198000.0,993000.0,156.6,5.7,9.11,93.0,0.0
197,2023-06-01,2023,6,2,Summer,Post-COVID,1237000,159.1,6.1,19.33571428571429,150.2,0.0,24.66071428571428,13.96428571428571,False,30,2,2,2,0.9333333333333332,0.9333333333333332,0.9333333333333332,1239000.0,1029000.0,156.1,5.8,13.45483870967742,76.8,0.0
198,2023-07-01,2023,7,3,Summer,Post-COVID,1217000,162.5,6.3,22.10384615384616,81.0,0.0,27.45185185185185,16.76153846153846,False,31,5,4,4,0.8387096774193549,0.8709677419354839,0.8709677419354839,1237000.0,1000000.0,159.1,6.1,19.33571428571429,150.2,0.0
199,2023-08-01,2023,8,3,Summer,Post-COVID,1213000,169.4,6.5,19.47096774193549,74.60000000000001,0.0,25.24193548387097,13.66129032258065,False,31,0,0,0,1.0,1.0,1.0,1217000.0,1009000.0,162.5,6.3,22.10384615384616,81.0,0.0
200,2023-09-01,2023,9,3,Fall,Post-COVID,1377000,165.6,6.5,17.87666666666667,27.4,0.0,23.95,11.76666666666667,False,30,0,0,0,1.0,1.0,1.0,1213000.0,1208000.0,169.4,6.5,19.47096774193549,74.60000000000001,0.0
201,2023-10-01,2023,10,4,Fall,Post-COVID,1343000,152.9,6.7,12.09642857142857,50.2,0.0,16.67857142857143,7.446428571428571,False,31,3,3,3,0.9032258064516128,0.9032258064516128,0.9032258064516128,1377000.0,1188000.0,165.6,6.5,17.87666666666667,27.4,0.0
202,2023-11-01,2023,11,4,Fall,Post-COVID,1331000,148.8,6.8,3.911538461538462,45.2,1.5,8.076923076923077,-0.2884615384615384,False,30,4,4,4,0.8666666666666667,0.8666666666666667,0.8666666666666667,1343000.0,1182000.0,152.9,6.7,12.09642857142857,50.2,0.0
203,2023-12-01,2023,12,4,Winter,Post-COVID,1220000,143.7,6.9,2.556666666666666,76.4,11.5,4.683333333333334,0.4,False,31,1,1,1,0.967741935483871,0.967741935483871,0.967741935483871,1331000.0,1080000.0,148.8,6.8,3.911538461538462,45.2,1.5
204,2024-01-01,2024,1,1,Winter,Post-COVID,1224000,144.2,7.0,-1.810714285714285,126.1,16.5,0.3035714285714285,-3.907142857142857,False,31,3,3,3,0.9032258064516128,0.9032258064516128,0.9032258064516128,1220000.0,1117000.0,143.7,6.9,2.556666666666666,76.4,11.5
205,2024-02-01,2024,2,1,Winter,Post-COVID,1237000,148.5,7.2,0.7185185185185184,34.8,10.8,5.388888888888889,-3.981481481481481,False,29,2,2,2,0.9310344827586208,0.9310344827586208,0.9310344827586208,1224000.0,1168000.0,144.2,7.0,-1.810714285714285,126.1,16.5
206,2024-03-01,2024,3,1,Spring,Post-COVID,1320000,153.8,7.5,4.160714285714286,54.4,18.5,8.75,-0.4642857142857143,False,31,3,3,3,0.9032258064516128,0.9032258064516128,0.9032258064516128,1237000.0,1190000.0,148.5,7.2,0.7185185185185184,34.8,10.8
207,2024-04-01,2024,4,2,Spring,Post-COVID,1279000,167.7,7.7,8.672413793103448,149.8,0.0,13.17241379310345,4.137931034482759,False,30,1,1,1,0.9666666666666668,0.9666666666666668,0.9666666666666668,1320000.0,1198000.0,153.8,7.5,4.160714285714286,54.4,18.5
208,2024-05-01,2024,5,2,Spring,Post-COVID,1333000,165.5,7.8,16.52258064516129,96.6,0.0,22.14516129032258,10.83870967741935,False,31,0,0,0,1.0,1.0,1.0,1279000.0,1239000.0,167.7,7.7,8.672413793103448,149.8,0.0
209,2024-06-01,2024,6,2,Summer,Post-COVID,1324000,162.2,7.7,20.12,78.0,0.0,25.38333333333333,14.81666666666667,False,30,0,0,0,1.0,1.0,1.0,1333000.0,1237000.0,165.5,7.8,16.52258064516129,96.6,0.0
210,2024-07-01,2024,7,3,Summer,Post-COVID,1267000,166.9,7.6,22.64516129032258,137.0,0.0,28.51612903225806,16.7258064516129,False,31,0,0,0,1.0,1.0,1.0,1324000.0,1217000.0,162.2,7.7,20.12,78.0,0.0
211,2024-08-01,2024,8,3,Summer,Post-COVID,1258000,160.6,8.0,21.39677419354839,148.2,0.0,26.69354838709678,16.06451612903226,False,31,0,0,0,1.0,1.0,1.0,1267000.0,1213000.0,166.9,7.6,22.64516129032258,137.0,0.0
212,2024-09-01,2024,9,3,Fall,Post-COVID,1408000,148.6,8.0,18.91,71.0,0.0,24.46666666666667,13.3,False,30,0,0,0,1.0,1.0,1.0,1258000.0,1377000.0,160.6,8.0,21.39677419354839,148.2,0.0
213,2024-10-01,2024,10,4,Fall,Post-COVID,1389000,151.5,8.1,11.86129032258064,20.4,0.0,17.85483870967742,5.806451612903226,False,31,0,0,0,1.0,1.0,1.0,1408000.0,1343000.0,148.6,8.0,18.91,71.0,0.0
214,2024-11-01,2024,11,4,Fall,Post-COVID,1397000,152.4,8.3,6.636666666666667,42.0,0.0,10.08333333333333,3.15,False,30,0,0,0,1.0,1.0,1.0,1389000.0,1331000.0,151.5,8.1,11.86129032258064,20.4,0.0
215,2024-12-01,2024,12,4,Winter,Post-COVID,1061000,151.8,8.5,-0.8366666666666667,75.4,16.8,2.0,-3.666666666666667,False,31,1,1,1,0.967741935483871,0.967741935483871,0.967741935483871,1397000.0,1220000.0,152.4,8.3,6.636666666666667,42.0,0.0
216,2025-01-01,2025,1,1,Winter,Post-COVID,1250000,156.0,8.8,-5.53448275862069,26.2,27.2,-2.258620689655173,-8.775862068965518,False,31,2,2,2,0.935483870967742,0.935483870967742,0.935483870967742,1061000.0,1224000.0,151.8,8.5,-0.8366666666666667,75.4,16.8
217,2025-02-01,2025,2,1,Winter,Post-COVID,1169000,155.4,8.6,-4.874074074074074,72.2,64.4,-1.444444444444444,-8.277777777777779,False,28,1,1,1,0.9642857142857144,0.9642857142857144,0.9642857142857144,1250000.0,1237000.0,156.0,8.8,-5.53448275862069,26.2,27.2
218,2025-03-01,2025,3,1,Spring,Post-COVID,1385000,153.4,8.7,2.673333333333333,70.6,0.6,7.416666666666667,-2.083333333333333,False,31,1,1,1,0.967741935483871,0.967741935483871,0.967741935483871,1169000.0,1320000.0,155.4,8.6,-4.874074074074074,72.2,64.4
219,2025-04-01,2025,4,2,Spring,Post-COVID,1299000,133.2,8.6,7.893103448275863,83.8,3.2,13.62068965517242,2.120689655172414,False,30,1,1,1,0.9666666666666668,0.9666666666666668,0.9666666666666668,1385000.0,1279000.0,153.4,8.7,2.673333333333333,70.6,0.6
220,2025-05-01,2025,5,2,Spring,Post-COVID,1308000,136.4,8.7,13.33703703703704,78.6,0.0,18.7037037037037,7.925925925925926,False,31,4,4,4,0.8709677419354839,0.8709677419354839,0.8709677419354839,1299000.0,1333000.0,133.2,8.6,7.893103448275863,83.8,3.2
221,2025-06-01,2025,6,2,Summer,Post-COVID,1289000,136.2,8.7,20.89666666666666,32.6,0.0,26.65,15.1,False,30,0,0,0,1.0,1.0,1.0,1308000.0,1324000.0,136.4,8.7,13.33703703703704,78.6,0.0
222,2025-07-01,2025,7,3,Summer,Post-COVID,1276000,135.3,8.9,24.19,38.8,0.0,30.26666666666667,18.08333333333333,False,31,1,1,1,0.967741935483871,0.967741935483871,0.967741935483871,1289000.0,1267000.0,136.2,8.7,20.89666666666666,32.6,0.0
223,2025-08-01,2025,8,3,Summer,Post-COVID,1250000,136.0,8.8,21.43225806451613,49.4,0.0,27.30645161290322,15.53225806451613,False,31,0,0,0,1.0,1.0,1.0,1276000.0,1258000.0,135.3,8.9,24.19,38.8,0.0
224,2025-09-01,2025,9,3,Fall,Post-COVID,1375000,138.9,8.8,18.48,76.4,0.0,24.8,12.11666666666667,False,30,0,0,0,1.0,1.0,1.0,1250000.0,1408000.0,136.0,8.8,21.43225806451613,49.4,0.0
225,2025-10-01,2025,10,4,Fall,Post-COVID,1357000,132.6,8.6,11.87096774193548,50.8,0.0,17.20967741935484,6.483870967741935,False,31,0,0,0,1.0,1.0,1.0,1375000.0,1389000.0,138.9,8.8,18.48,76.4,0.0
226,2025-11-01,2025,11,4,Fall,Post-COVID,1359000,137.0,8.2,4.048148148148148,34.2,10.0,7.888888888888889,0.1481481481481481,False,30,3,3,3,0.9,0.9,0.9,1357000.0,1397000.0,132.6,8.6,11.87096774193548,50.8,0.0
227,2025-12-01,2025,12,4,Winter,Post-COVID,1220000,126.0,8.1,-3.456,54.2,18.2,0.52,-7.4,False,31,6,6,6,0.8064516129032258,0.8064516129032258,0.8064516129032258,1359000.0,1061000.0,137.0,8.2,4.048148148148148,34.2,10.0
